{"stats":{"minecraft:used":{"minecraft:dirt":8,"minecraft:dandelion":1},"minecraft:picked_up":{"minecraft:dandelion":1,"minecraft:dirt":2},"minecraft:mined":{"minecraft:grass":3,"minecraft:grass_block":2,"minecraft:dandelion":1},"minecraft:custom":{"minecraft:jump":40,"minecraft:time_since_rest":3172,"minecraft:crouch_one_cm":34,"minecraft:play_one_minute":3172,"minecraft:leave_game":1,"minecraft:sprint_one_cm":2888,"minecraft:time_since_death":3172,"minecraft:walk_one_cm":1772,"minecraft:sneak_time":26,"minecraft:fall_one_cm":836,"minecraft:fly_one_cm":34701}},"DataVersion":2586}